{
  "dt": 0.01,
  "elapsed_seconds": 0.08085904200561345,
  "fps": 123.6720068895421,
  "particles": 512,
  "steps": 10,
  "warmup": 1
}