{
  "dt": 0.01,
  "elapsed_seconds": 0.7574160110088997,
  "fps": 13.202784011232765,
  "particles": 512,
  "steps": 10,
  "warmup": 1
}