{
  "parameters": {
    "algorithms": "all",
    "bh_backend": "auto",
    "dt": 0.01,
    "fmm_levels": 4,
    "force_multi": false,
    "force_types": 6,
    "neighbor_backend": "auto",
    "particles": 256,
    "seed": 7,
    "steps": 50
  },
  "results_seconds": {
    "barnes-hut": 0.03563158100587316,
    "fmm-ml": 1.733814730978338,
    "fmm2d": 0.796760903991526,
    "forces": 0.03039297999930568,
    "grid": 0.16244186498806812,
    "neighbor-list": 0.0011016410135198385,
    "pbf": 0.05516761000035331,
    "sph": 0.025394150987267494,
    "xpbd": 0.05541132402140647
  }
}