{
  "benchmarks": [
    {
      "max_seconds": 0.055688536987872794,
      "mean_seconds": 0.052041089604608716,
      "median_seconds": 0.05100615799892694,
      "min_seconds": 0.04973363701719791,
      "name": "indexer",
      "runs": 5,
      "samples": [
        0.05303946201456711,
        0.05073765400447883,
        0.05100615799892694,
        0.055688536987872794,
        0.04973363701719791
      ],
      "stdev_seconds": 0.002116364104681421
    },
    {
      "max_seconds": 0.0037759919941890985,
      "mean_seconds": 0.003525486803846434,
      "median_seconds": 0.003570599015802145,
      "min_seconds": 0.003329789004055783,
      "name": "simulation",
      "runs": 5,
      "samples": [
        0.0037759919941890985,
        0.003570599015802145,
        0.003575526992790401,
        0.003375527012394741,
        0.003329789004055783
      ],
      "stdev_seconds": 0.00016004846169884692
    },
    {
      "max_seconds": 1.0249221659905743,
      "mean_seconds": 0.704962341801729,
      "median_seconds": 0.5963780390156899,
      "min_seconds": 0.35735902198939584,
      "name": "streaming",
      "runs": 5,
      "samples": [
        0.35735902198939584,
        1.0249221659905743,
        0.5963780390156899,
        0.9983724310004618,
        0.5477800510125235
      ],
      "stdev_seconds": 0.26297857739078023
    },
    {
      "max_seconds": 0.014592774998163804,
      "mean_seconds": 0.014163378800731152,
      "median_seconds": 0.014100583997787908,
      "min_seconds": 0.013953910005511716,
      "name": "terrain",
      "runs": 5,
      "samples": [
        0.014592774998163804,
        0.013953910005511716,
        0.01416396300191991,
        0.014005662000272423,
        0.014100583997787908
      ],
      "stdev_seconds": 0.00022674937188665013
    }
  ]
}