{
  "benchmarks": [
    {
      "max_seconds": 0.05137259099865332,
      "mean_seconds": 0.0509658383380156,
      "median_seconds": 0.05110948201036081,
      "min_seconds": 0.050415442005032673,
      "name": "indexer",
      "runs": 3,
      "samples": [
        0.050415442005032673,
        0.05137259099865332,
        0.05110948201036081
      ],
      "stdev_seconds": 0.0004037397490553108
    },
    {
      "max_seconds": 0.003753789991606027,
      "mean_seconds": 0.003537217329721898,
      "median_seconds": 0.003498368983855471,
      "min_seconds": 0.0033594930137041956,
      "name": "simulation",
      "runs": 3,
      "samples": [
        0.003753789991606027,
        0.003498368983855471,
        0.0033594930137041956
      ],
      "stdev_seconds": 0.00016329813670716402
    },
    {
      "max_seconds": 1.0522157500090543,
      "mean_seconds": 0.6703704983422843,
      "median_seconds": 0.5776186430011876,
      "min_seconds": 0.381277102016611,
      "name": "streaming",
      "runs": 3,
      "samples": [
        0.381277102016611,
        1.0522157500090543,
        0.5776186430011876
      ],
      "stdev_seconds": 0.2816520872097273
    },
    {
      "max_seconds": 0.01518327702069655,
      "mean_seconds": 0.0145794966762575,
      "median_seconds": 0.014625785988755524,
      "min_seconds": 0.013929427019320428,
      "name": "terrain",
      "runs": 3,
      "samples": [
        0.014625785988755524,
        0.01518327702069655,
        0.013929427019320428
      ],
      "stdev_seconds": 0.0005129275334303278
    }
  ]
}