{
  "benchmarks": [
    {
      "max_seconds": 0.05914609500905499,
      "mean_seconds": 0.0532510583056137,
      "median_seconds": 0.05236246151616797,
      "min_seconds": 0.05079215599107556,
      "name": "indexer",
      "runs": 10,
      "samples": [
        0.05144618800841272,
        0.05079215599107556,
        0.052457878016866744,
        0.05847466201521456,
        0.053083831997355446,
        0.05226704501546919,
        0.050994293007534,
        0.0525561640097294,
        0.051292269985424355,
        0.05914609500905499
      ],
      "stdev_seconds": 0.0028701803422821032
    },
    {
      "max_seconds": 0.0038168329920154065,
      "mean_seconds": 0.0034740506031084805,
      "median_seconds": 0.003404535513254814,
      "min_seconds": 0.0032197909895330667,
      "name": "simulation",
      "runs": 10,
      "samples": [
        0.0038168329920154065,
        0.0036489240010268986,
        0.0034056120202876627,
        0.00333394599147141,
        0.003664647025289014,
        0.003573990979930386,
        0.0033869330072775483,
        0.003286370018031448,
        0.003403459006221965,
        0.0032197909895330667
      ],
      "stdev_seconds": 0.00018197617714877387
    },
    {
      "max_seconds": 1.1010849309968762,
      "mean_seconds": 0.8151820065977518,
      "median_seconds": 0.8338493085029768,
      "min_seconds": 0.37362510900129564,
      "name": "streaming",
      "runs": 10,
      "samples": [
        0.37362510900129564,
        1.0639572880172636,
        0.5885619909968227,
        1.1010849309968762,
        0.6037413289886899,
        1.0951784389908426,
        0.5914465349924285,
        1.0760004009935074,
        0.5886608889850322,
        1.0695631540147588
      ],
      "stdev_seconds": 0.27334397586324893
    },
    {
      "max_seconds": 0.015048064989969134,
      "mean_seconds": 0.014519386002211832,
      "median_seconds": 0.014492932998109609,
      "min_seconds": 0.014333269005874172,
      "name": "terrain",
      "runs": 10,
      "samples": [
        0.014573544991435483,
        0.0145439550105948,
        0.014333269005874172,
        0.01450438899337314,
        0.014429586997721344,
        0.014481477002846077,
        0.01433996600098908,
        0.015048064989969134,
        0.014338354027131572,
        0.014601253002183512
      ],
      "stdev_seconds": 0.0001997673704456228
    }
  ]
}