{
  "steps": 500,
  "total_s": 28.83069976401748,
  "mean_ms": 57.660634101892356,
  "median_ms": 57.37899900123011,
  "p95_ms": 60.94203194079455,
  "p99_ms": 64.61618000612361,
  "min_ms": 53.074793017003685,
  "max_ms": 75.8698400168214,
  "steps_per_s": 17.34262449723927,
  "cell_types": 6,
  "particles": 500,
  "dimensions": 3,
  "force_registry": false,
  "force_yukawa": 0.0,
  "force_lj": 0.0,
  "force_morse": 0.0,
  "morton": false
}