{
  "steps": 200,
  "total_s": 5.81739077999373,
  "mean_ms": 29.086280939809512,
  "median_ms": 24.61896500608418,
  "p95_ms": 33.680317936522286,
  "p99_ms": 101.15483084664442,
  "min_ms": 23.319433006690815,
  "max_ms": 179.49104099534452,
  "steps_per_s": 34.37967424980441,
  "cell_types": 4,
  "particles": 200,
  "dimensions": 3,
  "force_registry": false,
  "force_yukawa": 0.0,
  "force_lj": 0.0,
  "force_morse": 0.0,
  "morton": false
}