{
  "dt": 0.01,
  "elapsed_seconds": 0.015545804024441168,
  "fps": 321.6301962985628,
  "particles": 256,
  "steps": 5,
  "warmup": 1
}