{
  "dt": 0.01,
  "elapsed_seconds": 0.08364981698105112,
  "fps": 119.54598779654549,
  "particles": 512,
  "steps": 10,
  "warmup": 1
}