{
  "dt": 0.01,
  "elapsed_seconds": 0.07750380501965992,
  "fps": 129.02592327516516,
  "particles": 512,
  "steps": 10,
  "warmup": 1
}