{
  "dt": 0.01,
  "elapsed_seconds": 0.018926038988865912,
  "fps": 264.1862886862631,
  "particles": 256,
  "steps": 5,
  "warmup": 1
}